ResponseAbscissa,Response0
6.000000000000000000e+02,3.056887489518726943e+05
1.100000000000000000e+03,9.175702622879745904e+05
1.400000000000000000e+03,1.524699170289635425e+06
