ResponseAbscissa,Response0
6.000000000000000000e+02,1.895728015775998938e+05
1.100000000000000000e+03,8.743977466735838680e+05
1.400000000000000000e+03,1.525292713731173892e+06
