ResponseAbscissa,Response0
6.000000000000000000e+02,2.696641007519242121e+05
1.100000000000000000e+03,8.804883145260199672e+05
1.400000000000000000e+03,1.486982842790477676e+06
