ResponseAbscissa,Response0
6.000000000000000000e+02,2.578144493022102979e+05
1.100000000000000000e+03,8.844607272318040486e+05
1.400000000000000000e+03,1.500448493989560287e+06
