ResponseAbscissa,Response0
6.000000000000000000e+02,3.165936037401154754e+05
1.100000000000000000e+03,9.310026775581380352e+05
1.400000000000000000e+03,1.539648121848951560e+06
