ResponseAbscissa,Response0
6.000000000000000000e+02,3.049730628080756869e+05
1.100000000000000000e+03,9.185059518676213920e+05
1.400000000000000000e+03,1.526625685303348815e+06
