ResponseAbscissa,Response0
6.000000000000000000e+02,3.605000000000000000e+05
1.100000000000000000e+03,5.805000000000000000e+05
1.400000000000000000e+03,1.620500000000000000e+06
