ResponseAbscissa,Response0
6.000000000000000000e+02,2.773841475740034948e+05
1.100000000000000000e+03,8.874248144291497301e+05
1.400000000000000000e+03,1.493449214542237343e+06
