ResponseAbscissa,Response0
6.000000000000000000e+02,2.716381930094526033e+05
1.100000000000000000e+03,8.896070891943502938e+05
1.400000000000000000e+03,1.500388426905288827e+06
