ResponseAbscissa,Response0
6.000000000000000000e+02,3.600000000000000000e+05
1.100000000000000000e+03,1.210000000000000000e+06
1.400000000000000000e+03,1.960000000000000000e+06
