ResponseAbscissa,Response0
6.000000000000000000e+02,1.605000000000000000e+05
1.100000000000000000e+03,8.105000000000000000e+05
1.400000000000000000e+03,1.440500000000000000e+06
