ResponseAbscissa,Response0
6.000000000000000000e+02,6.788783719642001670e+05
1.100000000000000000e+03,1.205881348876372911e+06
1.400000000000000000e+03,1.762083135023676325e+06
