ResponseAbscissa,Response0
6.000000000000000000e+02,2.949585611995098880e+05
1.100000000000000000e+03,9.140511817193123279e+05
1.400000000000000000e+03,1.525506754031194141e+06
