ResponseAbscissa,Response0
6.000000000000000000e+02,1.895765545295997872e+05
1.100000000000000000e+03,8.744058233321419684e+05
1.400000000000000000e+03,1.525303384613667382e+06
