ResponseAbscissa,Response0
6.000000000000000000e+02,1.464797082387927803e+05
1.100000000000000000e+03,5.165800541994882515e+05
1.400000000000000000e+03,9.786402617759054992e+05
