x_values, observed, sim_initial_guess, sim_MAP, sim_mu_AP
0.000000000000000000e+00,4.000000000000000000e+02,1.000907026853936713e+03,4.836086039673508594e+02,4.813004562460778857e+02
