x_values, observed, sim_initial_guess, sim_MAP, sim_mu_AP
1.000000000000000000e+00,2.300000000000000000e+02,1.878530617098845426e+02,2.396061793444593206e+02,2.376209873578523002e+02
