x_values, observed, sim_initial_guess, sim_MAP, sim_mu_AP
1.000000000000000000e+00,1.000000000000000000e+00,5.000000000000000000e+00,3.013896285400585739e+00,2.995188107847861048e+00
