x_values, observed, sim_initial_guess, sim_MAP, sim_mu_AP
0.000000000000000000e+00,1.000000000000000000e+00,1.000000000000000000e+00,1.000298739999752717e+00,1.017262304398241168e+00
