ResponseAbscissa,Response0
1.000000000000000000e+00,4.651629206328960890e+02
