ResponseAbscissa,Response0
1.000000000000000000e+00,5.466975979426013055e+02
