ResponseAbscissa,Response0
1.000000000000000000e+00,5.466807672195542409e+02
