ResponseAbscissa,Response0
1.000000000000000000e+00,5.550000000000000000e+02
