ResponseAbscissa,Response0
1.000000000000000000e+00,5.480105256690984561e+02
