x_values, observed, sim_initial_guess, sim_MAP, sim_mu_AP
6.000000000000000000e+02,3.605000000000000000e+05,1.605000000000000000e+05,1.854255762042438437e+05,2.029030846201476816e+05
1.100000000000000000e+03,5.805000000000000000e+05,8.105000000000000000e+05,8.654785711820481811e+05,9.027959267431397457e+05
1.400000000000000000e+03,1.620500000000000000e+06,1.440500000000000000e+06,1.513510368168730522e+06,1.562731632016934920e+06
