x_values, observed, sim_initial_guess, sim_MAP, sim_mu_AP
6.000000000000000000e+02,3.605000000000000000e+05,1.605000000000000000e+05,1.914185865738838329e+05,2.001517805513095809e+05
1.100000000000000000e+03,5.805000000000000000e+05,8.105000000000000000e+05,8.783812772763260873e+05,8.969885774442149559e+05
1.400000000000000000e+03,1.620500000000000000e+06,1.440500000000000000e+06,1.530558891697791172e+06,1.555090655579958111e+06
