x_values, observed, sim_initial_guess, sim_MAP, sim_mu_AP
6.000000000000000000e+02,3.605000000000000000e+05,1.605000000000000000e+05,1.927137314982614771e+05,1.783501610261879105e+05
1.100000000000000000e+03,5.805000000000000000e+05,8.105000000000000000e+05,8.811311262189834379e+05,8.499992601337188389e+05
1.400000000000000000e+03,1.620500000000000000e+06,1.440500000000000000e+06,1.534181563051416306e+06,1.492988719598237891e+06
