x_values, observed, sim_initial_guess, sim_MAP, sim_mu_AP
6.000000000000000000e+02,3.605000000000000000e+05,1.605000000000000000e+05,1.900677976388020033e+05,1.930275374720435066e+05
1.100000000000000000e+03,5.805000000000000000e+05,8.105000000000000000e+05,8.754681120133886579e+05,8.818419255654690787e+05
1.400000000000000000e+03,1.620500000000000000e+06,1.440500000000000000e+06,1.526708300638140878e+06,1.535130558421524474e+06
