x_values, observed, sim_initial_guess, sim_MAP, sim_mu_AP
6.000000000000000000e+02,3.605000000000000000e+05,1.605000000000000000e+05,1.892696176924649917e+05,2.054398913488472463e+05
1.100000000000000000e+03,5.805000000000000000e+05,8.105000000000000000e+05,8.737432567424547160e+05,9.082027181070703082e+05
1.400000000000000000e+03,1.620500000000000000e+06,1.440500000000000000e+06,1.524427440172448521e+06,1.569860414162004367e+06
