x_values, observed, sim_initial_guess, sim_MAP, sim_mu_AP
6.000000000000000000e+02,3.605000000000000000e+05,1.605000000000000000e+05,1.909973883571784827e+05,1.906218336829172331e+05
1.100000000000000000e+03,5.805000000000000000e+05,8.105000000000000000e+05,8.774431500311975833e+05,8.766434775822509546e+05
1.400000000000000000e+03,1.620500000000000000e+06,1.440500000000000000e+06,1.529310607035609195e+06,1.528256463921851013e+06
