x_values, observed, sim_initial_guess, sim_MAP, sim_mu_AP
6.000000000000000000e+02,3.605000000000000000e+05,1.605000000000000000e+05,1.886453673469607893e+05,1.864515318769543082e+05
1.100000000000000000e+03,5.805000000000000000e+05,8.105000000000000000e+05,8.724034463514615782e+05,8.676962552280841628e+05
1.400000000000000000e+03,1.620500000000000000e+06,1.440500000000000000e+06,1.522658293754162034e+06,1.516443089238762390e+06
