x_values, observed, sim_initial_guess, sim_MAP, sim_mu_AP
6.000000000000000000e+02,3.605000000000000000e+05,1.605000000000000000e+05,1.994254282325162785e+05,2.047948796468745859e+05
1.100000000000000000e+03,5.805000000000000000e+05,8.105000000000000000e+05,8.954366944828840205e+05,9.068367614908982068e+05
1.400000000000000000e+03,1.620500000000000000e+06,1.440500000000000000e+06,1.553043454233104596e+06,1.568061890597312711e+06
