ResponseAbscissa,Response1
1.000000000000000000e+00,3.957792357137811301e+00
