ResponseAbscissa,Response1
1.000000000000000000e+00,3.953106527267653103e+00
