ResponseAbscissa,Response0
0.000000000000000000e+00,1.463104082508061232e+00
