ResponseAbscissa,Response0
0.000000000000000000e+00,1.472714702338028925e+00
