ResponseAbscissa,Response1
1.000000000000000000e+00,3.942208321960981809e+00
