ResponseAbscissa,Response1
1.000000000000000000e+00,3.000000000000000000e+00
