ResponseAbscissa,Response0
0.000000000000000000e+00,1.476842686010286565e+00
