ResponseAbscissa,Response0
3.731499999999999773e+02,-1.577303054557956052e+00
3.981499999999999773e+02,-1.686306387970618825e+00
4.231499999999999773e+02,-1.477671344387389896e+00
