ResponseAbscissa,Response0
3.731499999999999773e+02,-5.707256172139105743e-01
3.981499999999999773e+02,-6.172571180883399400e-01
4.231499999999999773e+02,-5.294719068553805918e-01
