ResponseAbscissa,Response0
3.731499999999999773e+02,-2.515726771463005829e+00
3.981499999999999773e+02,-2.607761891578475932e+00
4.231499999999999773e+02,-2.431107008264679514e+00
