ResponseAbscissa,Response0
3.731499999999999773e+02,-1.915483275647804406e+00
3.981499999999999773e+02,-1.977225512324277235e+00
4.231499999999999773e+02,-1.858775381117029779e+00
