ResponseAbscissa,Response0
3.731499999999999773e+02,-9.485350461578517800e-01
3.981499999999999773e+02,-9.819816564434895589e-01
4.231499999999999773e+02,-9.180496078959553552e-01
