ResponseAbscissa,Response0
3.731499999999999773e+02,-3.385710017765652946e+00
3.981499999999999773e+02,-3.448135532159000594e+00
4.231499999999999773e+02,-3.328281798894122012e+00
