ResponseAbscissa,Response0
3.731499999999999773e+02,-2.323019829300094319e+00
3.981499999999999773e+02,-2.407976700360370703e+00
4.231499999999999773e+02,-2.244929385373487740e+00
