ResponseAbscissa,Response0
3.731499999999999773e+02,-1.259100327572904687e+00
3.981499999999999773e+02,-1.302522908825510806e+00
4.231499999999999773e+02,-1.219373337033631044e+00
