x_values, observed, sim_initial_guess, sim_MAP, sim_mu_AP
1.000000000000000000e+00,3.000000000000000000e+00,5.000000000000000000e+00,3.997395257472745378e+00,3.927954401484947677e+00
