x_values, observed, sim_initial_guess, sim_MAP, sim_mu_AP
0.000000000000000000e+00,2.000000000000000000e+00,1.000000000000000000e+00,1.445283534996074204e+00,1.500052091427748202e+00
