x_values, observed, sim_initial_guess, sim_MAP, sim_mu_AP
3.731499999999999773e+02,1.000000000000000021e-02,3.831138010321681435e-04,5.167550832757311814e-04,4.437123431821150192e-04
3.981499999999999773e+02,1.000000000000000021e-02,2.743838205389498883e-04,3.710197809586168326e-04,3.245112895212700602e-04
4.231499999999999773e+02,1.000000000000000021e-02,5.142236037341770850e-04,6.920701716513433461e-04,5.846592746629553170e-04
