x_values, observed, sim_initial_guess, sim_MAP, sim_mu_AP
3.731499999999999773e+02,-1.265859370219463598e+00,-3.416672203004765596e+00,-1.272438230938620851e+00,-1.260785378741740015e+00
3.981499999999999773e+02,-1.279587070958861261e+00,-3.561641501047715597e+00,-1.326140973811124057e+00,-1.315635134287139740e+00
4.231499999999999773e+02,-1.253774333658420392e+00,-3.288847992383486130e+00,-1.225388714541358004e+00,-1.212746768663128138e+00
