x_values, observed, sim_initial_guess, sim_MAP, sim_mu_AP
6.000000000000000000e+02,3.605000000000000000e+05,1.605000000000000000e+05,1.895890816439573537e+05
1.100000000000000000e+03,5.805000000000000000e+05,8.105000000000000000e+05,8.744326802861209726e+05
1.400000000000000000e+03,1.620500000000000000e+06,1.440500000000000000e+06,1.525338839471419342e+06
