x_values, observed, sim_initial_guess, sim_MAP, sim_mu_AP
6.000000000000000000e+02,3.605000000000000000e+05,1.605000000000000000e+05,1.894547211630229722e+05,1.866165604356550029e+05
1.100000000000000000e+03,5.805000000000000000e+05,8.105000000000000000e+05,8.741450618784511462e+05,8.680289639882752672e+05
1.400000000000000000e+03,1.620500000000000000e+06,1.440500000000000000e+06,1.524959266307708109e+06,1.516876406119847437e+06
