x_values, observed, sim_initial_guess, sim_MAP, sim_mu_AP
6.000000000000000000e+02,3.605000000000000000e+05,1.605000000000000000e+05,1.904493678722855984e+05,1.880668456883625186e+05
1.100000000000000000e+03,5.805000000000000000e+05,8.105000000000000000e+05,8.762814254889799049e+05,8.711582639473138843e+05
1.400000000000000000e+03,1.620500000000000000e+06,1.440500000000000000e+06,1.527780660058996640e+06,1.521013114902684465e+06
