x_values, observed, sim_initial_guess, sim_MAP, sim_mu_AP
6.000000000000000000e+02,3.605000000000000000e+05,1.605000000000000000e+05,1.898658617436875647e+05,1.877963838074820524e+05
1.100000000000000000e+03,5.805000000000000000e+05,8.105000000000000000e+05,8.750270010021462804e+05,8.705716828569403151e+05
1.400000000000000000e+03,1.620500000000000000e+06,1.440500000000000000e+06,1.526123684557221364e+06,1.520236862286615185e+06
