x_values, observed, sim_initial_guess, sim_MAP, sim_mu_AP
6.000000000000000000e+02,3.605000000000000000e+05,1.605000000000000000e+05,1.897752661454216286e+05,1.871598990783625050e+05
1.100000000000000000e+03,5.805000000000000000e+05,8.105000000000000000e+05,8.748307549854661338e+05,8.692028772091571009e+05
1.400000000000000000e+03,1.620500000000000000e+06,1.440500000000000000e+06,1.525864048289492726e+06,1.518428664087633835e+06
