x_values, observed, sim_initial_guess, sim_MAP, sim_mu_AP
6.000000000000000000e+02,3.605000000000000000e+05,1.605000000000000000e+05,1.896224693458222027e+05,1.878614420483681606e+05
1.100000000000000000e+03,5.805000000000000000e+05,8.105000000000000000e+05,8.745036280932669761e+05,8.707123536317817634e+05
1.400000000000000000e+03,1.620500000000000000e+06,1.440500000000000000e+06,1.525432323341733776e+06,1.520422900581829716e+06
