x_values, observed, sim_initial_guess, sim_MAP, sim_mu_AP
6.000000000000000000e+02,3.605000000000000000e+05,1.605000000000000000e+05,1.895175508037106483e+05,1.874027415640903346e+05
1.100000000000000000e+03,5.805000000000000000e+05,8.105000000000000000e+05,8.742785514852991328e+05,8.697289204965058016e+05
1.400000000000000000e+03,1.620500000000000000e+06,1.440500000000000000e+06,1.525135151894252282e+06,1.519124627855955157e+06
