x_values, observed, sim_initial_guess, sim_MAP, sim_mu_AP
6.000000000000000000e+02,3.605000000000000000e+05,3.600000000000000000e+05,3.003962117107642698e+05,2.562158995133986464e+05
1.100000000000000000e+03,5.805000000000000000e+05,1.210000000000000000e+06,9.176071805983367376e+05,8.456339195315169636e+05
1.400000000000000000e+03,1.620500000000000000e+06,1.960000000000000000e+06,1.527933761930880370e+06,1.439284731542388210e+06
