x_values, observed, sim_initial_guess, sim_MAP, sim_mu_AP
6.000000000000000000e+02,3.605000000000000000e+05,3.600000000000000000e+05,3.063132234928581165e+05,1.557574245583996642e+06
1.100000000000000000e+03,5.805000000000000000e+05,1.210000000000000000e+06,9.197009273791415617e+05,2.994042636010215618e+06
1.400000000000000000e+03,1.620500000000000000e+06,1.960000000000000000e+06,1.527733549710911931e+06,4.095923670265946537e+06
