x_values, observed, sim_initial_guess, sim_MAP, sim_mu_AP
6.000000000000000000e+02,3.605000000000000000e+05,3.600000000000000000e+05,3.031162086255927570e+05,8.123584051183964126e+06
1.100000000000000000e+03,5.805000000000000000e+05,1.210000000000000000e+06,9.179086204701683018e+05,1.119824411219097301e+07
1.400000000000000000e+03,1.620500000000000000e+06,1.960000000000000000e+06,1.526784067576913396e+06,1.328304014879518002e+07
