x_values, observed, sim_initial_guess, sim_MAP, sim_mu_AP
6.000000000000000000e+02,3.605000000000000000e+05,1.605000000000000000e+05,1.899788849609494500e+05,1.863738892253426893e+05
1.100000000000000000e+03,5.805000000000000000e+05,8.105000000000000000e+05,8.752685359931536950e+05,8.675076625396204181e+05
1.400000000000000000e+03,1.620500000000000000e+06,1.440500000000000000e+06,1.526442326612476027e+06,1.516187926528187003e+06
