x_values, observed, sim_initial_guess, sim_MAP, sim_mu_AP
6.000000000000000000e+02,3.605000000000000000e+05,1.605000000000000000e+05,1.889100700104604766e+05,1.881099716075581382e+05
1.100000000000000000e+03,5.805000000000000000e+05,8.105000000000000000e+05,8.729708494659389835e+05,8.712460564498838503e+05
1.400000000000000000e+03,1.620500000000000000e+06,1.440500000000000000e+06,1.523407317139226012e+06,1.521127707355279475e+06
