x_values, observed, sim_initial_guess, sim_MAP, sim_mu_AP
6.000000000000000000e+02,3.605000000000000000e+05,3.600000000000000000e+05,2.911258187960062060e+05,2.206260368600032479e+07
1.100000000000000000e+03,5.805000000000000000e+05,1.210000000000000000e+06,9.183133444455487188e+05,2.698694612922007963e+07
1.400000000000000000e+03,1.620500000000000000e+06,1.960000000000000000e+06,1.534625859835274285e+06,3.018155159515192732e+07
