x_values, observed, sim_initial_guess, sim_MAP, sim_mu_AP
6.000000000000000000e+02,3.605000000000000000e+05,1.605000000000000000e+05,1.895765545295997872e+05
1.100000000000000000e+03,5.805000000000000000e+05,8.105000000000000000e+05,8.744058233321419684e+05
1.400000000000000000e+03,1.620500000000000000e+06,1.440500000000000000e+06,1.525303384613667382e+06
