x_values, observed, sim_initial_guess, sim_MAP, sim_mu_AP
6.000000000000000000e+02,3.605000000000000000e+05,3.600000000000000000e+05,2.990041370362000889e+05,2.804871988899583812e+05
1.100000000000000000e+03,5.805000000000000000e+05,1.210000000000000000e+06,9.166707710440959781e+05,8.946755341796462890e+05
1.400000000000000000e+03,1.620500000000000000e+06,1.960000000000000000e+06,1.527270751448833616e+06,1.503188535353459418e+06
