x_values, observed, sim_initial_guess, sim_MAP, sim_mu_AP
6.000000000000000000e+02,3.605000000000000000e+05,1.605000000000000000e+05,1.892581370602576644e+05,1.856629537227815017e+05
1.100000000000000000e+03,5.805000000000000000e+05,8.105000000000000000e+05,8.737228782026877161e+05,8.659700859882854857e+05
1.400000000000000000e+03,1.620500000000000000e+06,1.440500000000000000e+06,1.524401722888145596e+06,1.514154365347587736e+06
