x_values, observed, sim_initial_guess, sim_MAP, sim_mu_AP
1.000000000000000000e+00,3.000000000000000000e+00,5.000000000000000000e+00,3.957792357137811301e+00,3.942208321960981809e+00
