x_values, observed, sim_initial_guess, sim_MAP, sim_mu_AP
0.000000000000000000e+00,2.000000000000000000e+00,1.000000000000000000e+00,1.472714598766411864e+00,1.463104056020206212e+00
