x_values, observed, sim_initial_guess, sim_MAP, sim_mu_AP
1.000000000000000000e+00,3.000000000000000000e+00,5.000000000000000000e+00,4.314094677668276923e+00,4.232514267792342189e+00
