x_values, observed, sim_initial_guess, sim_MAP, sim_mu_AP
0.000000000000000000e+00,2.000000000000000000e+00,1.000000000000000000e+00,1.988674777465342380e+00,1.980500360865307563e+00
