x_values, observed, sim_initial_guess, sim_MAP, sim_mu_AP
0.000000000000000000e+00,2.000000000000000000e+00,1.000000000000000000e+00,1.530115507498510441e+00,1.566800084303617613e+00
1.000000000000000000e+00,2.000000000000000000e+00,0.000000000000000000e+00,0.000000000000000000e+00,0.000000000000000000e+00
