x_values, observed, sim_initial_guess, sim_MAP, sim_mu_AP
1.000000000000000000e+00,3.000000000000000000e+00,5.000000000000000000e+00,4.860328417019577074e+00,4.786091180175788828e+00
