x_values, observed, sim_initial_guess, sim_MAP, sim_mu_AP
1.000000000000000000e+00,3.000000000000000000e+00,5.000000000000000000e+00,4.009391053082244305e+00,4.068755799258731543e+00
