x_values, observed, sim_initial_guess, sim_MAP, sim_mu_AP
1.000000000000000000e+00,5.550000000000000000e+02,nan,5.480105256690984561e+02,5.466975979426013055e+02
